name,link,Maven,Gradle,Travis CI,Github Actions
eugenp/tutorials,https://github.com/eugenp/tutorials,Yes,No,No,No
Snailclimb/JavaGuide,https://github.com/Snailclimb/JavaGuide,No,No,No,No
spring-projects/spring-boot,https://github.com/spring-projects/spring-boot,No,Yes,No,gradle-wrapper-validation.yml;
spring-projects/spring-framework,https://github.com/spring-projects/spring-framework,No,Yes,No,Skipped
apache/dubbo,https://github.com/apache/dubbo,Yes,No,Yes,build-and-test-3.yml;
macrozheng/mall,https://github.com/macrozheng/mall,Yes,No,No,No
elastic/elasticsearch,https://github.com/elastic/elasticsearch,No,Yes,No,Skipped
jenkins-docs/simple-java-maven-app,https://github.com/jenkins-docs/simple-java-maven-app,Yes,No,No,No
doocs/advanced-java,https://github.com/doocs/advanced-java,No,No,No,Skipped
TheAlgorithms/Java,https://github.com/TheAlgorithms/Java,Yes,No,No,Skipped
MisterBooo/LeetCodeAnimation,https://github.com/MisterBooo/LeetCodeAnimation,No,No,No,No
ityouknow/spring-boot-examples,https://github.com/ityouknow/spring-boot-examples,Yes,No,No,No
jeecgboot/jeecg-boot,https://github.com/jeecgboot/jeecg-boot,No,No,No,No
mybatis/mybatis-3,https://github.com/mybatis/mybatis-3,Yes,No,No,Skipped
apache/kafka,https://github.com/apache/kafka,No,Yes,No,No
apache/flink,https://github.com/apache/flink,Yes,No,No,docs.yml;
Blankj/AndroidUtilCode,https://github.com/Blankj/AndroidUtilCode,No,Yes,No,android.yml;
google/guava,https://github.com/google/guava,Yes,No,No,ci.yml;
lenve/vhr,https://github.com/lenve/vhr,No,No,No,No
apolloconfig/apollo,https://github.com/apolloconfig/apollo,Yes,No,No,Skipped
apache/rocketmq,https://github.com/apache/rocketmq,Yes,No,Yes,Skipped
xuxueli/xxl-job,https://github.com/xuxueli/xxl-job,Yes,No,No,maven.yml;
xkcoding/spring-boot-demo,https://github.com/xkcoding/spring-boot-demo,Yes,No,Yes,maven.yml;
chanjarster/weixin-java-tools,https://github.com/chanjarster/weixin-java-tools,Yes,No,Yes,No
jleetutorial/maven-project,https://github.com/jleetutorial/maven-project,Yes,No,No,No
PhilJay/MPAndroidChart,https://github.com/PhilJay/MPAndroidChart,No,Yes,No,No
alibaba/druid,https://github.com/alibaba/druid,Yes,No,Yes,ci.yaml;
forezp/SpringCloudLearning,https://github.com/forezp/SpringCloudLearning,No,No,No,No
udacity/ud839_Miwok,https://github.com/udacity/ud839_Miwok,No,Yes,No,manual.yml;
macrozheng/mall-learning,https://github.com/macrozheng/mall-learning,Yes,No,No,No
macrozheng/mall,https://github.com/macrozheng/mall,Yes,No,No,No
jenkins-docs/simple-java-maven-app,https://github.com/jenkins-docs/simple-java-maven-app,Yes,No,No,No
netty/netty,https://github.com/netty/netty,Yes,No,No,Skipped
MisterBooo/LeetCodeAnimation,https://github.com/MisterBooo/LeetCodeAnimation,No,No,No,No
ityouknow/spring-boot-examples,https://github.com/ityouknow/spring-boot-examples,Yes,No,No,No
yankils/hello-world,https://github.com/yankils/hello-world,Yes,No,No,No
lenve/vhr,https://github.com/lenve/vhr,No,No,No,No
jleetutorial/maven-project,https://github.com/jleetutorial/maven-project,Yes,No,No,No
PhilJay/MPAndroidChart,https://github.com/PhilJay/MPAndroidChart,No,Yes,No,No
macrozheng/mall-learning,https://github.com/macrozheng/mall-learning,Yes,No,No,No
shuzheng/zheng,https://github.com/shuzheng/zheng,Yes,No,Yes,No
firebase/quickstart-android,https://github.com/firebase/quickstart-android,No,Yes,No,android.yml;
wuyouzhuguli/SpringAll,https://github.com/wuyouzhuguli/SpringAll,No,No,No,No
crossoverJie/JCSprout,https://github.com/crossoverJie/JCSprout,Yes,No,Yes,No
alibaba/spring-cloud-alibaba,https://github.com/alibaba/spring-cloud-alibaba,Yes,No,No,No
SeleniumHQ/selenium,https://github.com/SeleniumHQ/selenium,No,No,Yes,Skipped
JeffLi1993/springboot-learning-example,https://github.com/JeffLi1993/springboot-learning-example,Yes,No,No,No
alibaba/Sentinel,https://github.com/alibaba/Sentinel,Yes,No,No,ci.yml;
DrKLO/Telegram,https://github.com/DrKLO/Telegram,No,Yes,No,No
elunez/eladmin,https://github.com/elunez/eladmin,Yes,No,No,No
dromara/hutool,https://github.com/dromara/hutool,Yes,No,Yes,No
alibaba/arthas,https://github.com/alibaba/arthas,Yes,No,No,Skipped
libgdx/libgdx,https://github.com/libgdx/libgdx,No,Yes,No,Skipped
nostra13/Android-Universal-Image-Loader,https://github.com/nostra13/Android-Universal-Image-Loader,No,Yes,Yes,gradle-wrapper-validation.yml;
aosp-mirror/platform_frameworks_base,https://github.com/aosp-mirror/platform_frameworks_base,No,No,No,No
geekxh/hello-algorithm,https://github.com/geekxh/hello-algorithm,No,No,No,No
taylor-training/time-tracker,https://github.com/taylor-training/time-tracker,Yes,No,No,No
bumptech/glide,https://github.com/bumptech/glide,No,Yes,No,Skipped
signalapp/Signal-Android,https://github.com/signalapp/Signal-Android,No,Yes,No,Skipped
jfeinstein10/SlidingMenu,https://github.com/jfeinstein10/SlidingMenu,Yes,No,No,No
bazelbuild/bazel,https://github.com/bazelbuild/bazel,No,No,No,release-helper.yml;
hmkcode/Android,https://github.com/hmkcode/Android,No,No,No,No
lhazlewood/apache-shiro-tutorial-webapp,https://github.com/lhazlewood/apache-shiro-tutorial-webapp,Yes,No,Yes,No
dropwizard/dropwizard,https://github.com/dropwizard/dropwizard,Yes,No,No,Skipped
ValaxyTech/hello-world,https://github.com/ValaxyTech/hello-world,Yes,No,No,No
ftctechnh/ftc_app,https://github.com/ftctechnh/ftc_app,No,Yes,No,No
hibernate/hibernate-orm,https://github.com/hibernate/hibernate-orm,No,Yes,No,contributor-build.yml;
medcl/elasticsearch-analysis-ik,https://github.com/medcl/elasticsearch-analysis-ik,Yes,No,Yes,No
pentaho/pentaho-kettle,https://github.com/pentaho/pentaho-kettle,Yes,No,No,No
springside/springside4,https://github.com/springside/springside4,Yes,No,Yes,No
SERG-Delft/mooc-software-testing,https://github.com/SERG-Delft/mooc-software-testing,Yes,No,No,maven.yml;
googlemaps/android-samples,https://github.com/googlemaps/android-samples,No,No,No,Skipped
openzipkin/zipkin,https://github.com/openzipkin/zipkin,Yes,No,No,Skipped
dyc87112/SpringCloud-Learning,https://github.com/dyc87112/SpringCloud-Learning,No,No,No,No
in28minutes/spring-boot-examples,https://github.com/in28minutes/spring-boot-examples,No,No,No,No
didi/DoKit,https://github.com/didi/DoKit,No,No,No,No
edureka-git/DevOpsClassCodes,https://github.com/edureka-git/DevOpsClassCodes,Yes,No,No,No
daodaovps/xUtils,https://github.com/daodaovps/xUtils,No,No,No,No
liyifeng1994/ssm,https://github.com/liyifeng1994/ssm,Yes,No,No,No
changmingxie/tcc-transaction,https://github.com/changmingxie/tcc-transaction,Yes,No,No,No
liaohuqiu/android-Ultra-Pull-To-Refresh,https://github.com/liaohuqiu/android-Ultra-Pull-To-Refresh,Yes,Yes,Yes,No
Trinea/android-common,https://github.com/Trinea/android-common,Yes,No,No,No
android/views-widgets-samples,https://github.com/android/views-widgets-samples,No,No,No,copy-branch.yml;
skeeto/sample-java-project,https://github.com/skeeto/sample-java-project,Yes,No,No,No
roncoo/roncoo-pay,https://github.com/roncoo/roncoo-pay,Yes,No,No,No
databricks/learning-spark,https://github.com/databricks/learning-spark,Yes,No,Yes,No
in28minutes/spring-microservices,https://github.com/in28minutes/spring-microservices,No,No,No,No
justauth/JustAuth,https://github.com/justauth/JustAuth,Yes,No,Yes,Skipped
H07000223/FlycoTabLayout,https://github.com/H07000223/FlycoTabLayout,No,Yes,No,No
janishar/mit-deep-learning-book-pdf,https://github.com/janishar/mit-deep-learning-book-pdf,No,No,No,No
CymChad/BaseRecyclerViewAdapterHelper,https://github.com/CymChad/BaseRecyclerViewAdapterHelper,No,Yes,Yes,No
chrisbanes/Android-PullToRefresh,https://github.com/chrisbanes/Android-PullToRefresh,Yes,No,No,No
YunaiV/SpringBoot-Labs,https://github.com/YunaiV/SpringBoot-Labs,Yes,No,No,No
JakeWharton/butterknife,https://github.com/JakeWharton/butterknife,No,Yes,Yes,gradle-wrapper-validation.yml;
dyc87112/SpringBoot-Learning,https://github.com/dyc87112/SpringBoot-Learning,Yes,No,No,No
udacity/ud851-Sunshine,https://github.com/udacity/ud851-Sunshine,No,No,No,No
prestodb/presto,https://github.com/prestodb/presto,Yes,No,No,Skipped
udacity/Sunshine-Version-2,https://github.com/udacity/Sunshine-Version-2,No,Yes,No,No
keycloak/keycloak,https://github.com/keycloak/keycloak,Yes,No,No,Skipped
apache/camel,https://github.com/apache/camel,Yes,No,No,Skipped
javahometech/my-app,https://github.com/javahometech/my-app,Yes,No,No,maven.yml;
kunal-kushwaha/DSA-Bootcamp-Java,https://github.com/kunal-kushwaha/DSA-Bootcamp-Java,No,No,No,No
runelite/runelite,https://github.com/runelite/runelite,Yes,No,No,CI.yml;
paascloud/paascloud-master,https://github.com/paascloud/paascloud-master,Yes,No,No,No
NationalSecurityAgency/ghidra,https://github.com/NationalSecurityAgency/ghidra,No,Yes,No,No
android-async-http/android-async-http,https://github.com/android-async-http/android-async-http,No,Yes,Yes,gradle-wrapper-validation.yml;
apache/tomcat,https://github.com/apache/tomcat,No,No,Yes,ci.yml;
careercup/CtCI-6th-Edition,https://github.com/careercup/CtCI-6th-Edition,No,No,No,No
code4craft/webmagic,https://github.com/code4craft/webmagic,Yes,No,Yes,No
apache/hive,https://github.com/apache/hive,Yes,No,No,Skipped
google/gson,https://github.com/google/gson,Yes,No,No,Skipped
macrozheng/mall-swarm,https://github.com/macrozheng/mall-swarm,Yes,No,No,No
purplecabbage/phonegap-plugins,https://github.com/purplecabbage/phonegap-plugins,No,No,No,No
hyb1996/Auto.js,https://github.com/hyb1996/Auto.js,No,Yes,No,android.yml;
Baseflow/PhotoView,https://github.com/Baseflow/PhotoView,No,Yes,No,No
CarGuo/GSYVideoPlayer,https://github.com/CarGuo/GSYVideoPlayer,No,Yes,No,Skipped
winterbe/java8-tutorial,https://github.com/winterbe/java8-tutorial,No,No,No,No
awsdocs/aws-doc-sdk-examples,https://github.com/awsdocs/aws-doc-sdk-examples,No,No,No,Skipped
seaswalker/spring-analysis,https://github.com/seaswalker/spring-analysis,Yes,No,No,No
spring-attic/spring-mvc-showcase,https://github.com/spring-attic/spring-mvc-showcase,Yes,No,No,No
pinpoint-apm/pinpoint,https://github.com/pinpoint-apm/pinpoint,Yes,No,No,Skipped
Netflix/eureka,https://github.com/Netflix/eureka,No,Yes,No,Skipped
pockethub/PocketHub,https://github.com/pockethub/PocketHub,No,Yes,Yes,No
apache/beam,https://github.com/apache/beam,No,No,No,Skipped
zhoutaoo/SpringCloud,https://github.com/zhoutaoo/SpringCloud,Yes,No,Yes,maven.yml;
williamfiset/Algorithms,https://github.com/williamfiset/Algorithms,No,Yes,No,Skipped
rabbitmq/rabbitmq-tutorials,https://github.com/rabbitmq/rabbitmq-tutorials,No,No,Yes,No
zhisheng17/flink-learning,https://github.com/zhisheng17/flink-learning,Yes,No,No,No
hmkcode/Android,https://github.com/hmkcode/Android,No,No,No,No
lhazlewood/apache-shiro-tutorial-webapp,https://github.com/lhazlewood/apache-shiro-tutorial-webapp,Yes,No,Yes,No
ValaxyTech/hello-world,https://github.com/ValaxyTech/hello-world,Yes,No,No,No
grpc/grpc-java,https://github.com/grpc/grpc-java,No,Yes,No,Skipped
Bigkoo/Android-PickerView,https://github.com/Bigkoo/Android-PickerView,No,Yes,No,No
android10/Android-CleanArchitecture,https://github.com/android10/Android-CleanArchitecture,No,Yes,Yes,No
Tencent/tinker,https://github.com/Tencent/tinker,No,Yes,No,No
apache/druid,https://github.com/apache/druid,Yes,No,Yes,No
react-native-camera/react-native-camera,https://github.com/react-native-camera/react-native-camera,No,No,No,No
ftctechnh/ftc_app,https://github.com/ftctechnh/ftc_app,No,Yes,No,No
junit-team/junit4,https://github.com/junit-team/junit4,Yes,No,No,main.yml;
spring-projects/spring-data-examples,https://github.com/spring-projects/spring-data-examples,Yes,No,Yes,project.yml;
apache/cassandra,https://github.com/apache/cassandra,No,No,No,No
hdodenhof/CircleImageView,https://github.com/hdodenhof/CircleImageView,No,Yes,No,No
apache/dolphinscheduler,https://github.com/apache/dolphinscheduler,Yes,No,No,Skipped
ityouknow/spring-cloud-examples,https://github.com/ityouknow/spring-cloud-examples,No,No,No,No
pagehelper/Mybatis-PageHelper,https://github.com/pagehelper/Mybatis-PageHelper,Yes,No,No,Skipped
apache/hbase,https://github.com/apache/hbase,Yes,No,No,No
Grasscutters/Grasscutter,https://github.com/Grasscutters/Grasscutter,No,Yes,No,build.yml;
apache/rocketmq-externals,https://github.com/apache/rocketmq-externals,No,No,Yes,No
spring-guides/gs-spring-boot,https://github.com/spring-guides/gs-spring-boot,No,No,No,No
SERG-Delft/mooc-software-testing,https://github.com/SERG-Delft/mooc-software-testing,Yes,No,No,maven.yml;
TeamNewPipe/NewPipe,https://github.com/TeamNewPipe/NewPipe,No,Yes,No,Skipped
pluralsight-projects/Android-CandyCodedApplication,https://github.com/pluralsight-projects/Android-CandyCodedApplication,No,Yes,No,No
guolindev/booksource,https://github.com/guolindev/booksource,No,No,No,No
motianhuo/wechat,https://github.com/motianhuo/wechat,No,No,No,No
febsteam/FEBS-Shiro,https://github.com/febsteam/FEBS-Shiro,Yes,No,No,No
kiegroup/drools,https://github.com/kiegroup/drools,Yes,No,No,Skipped
apache/maven,https://github.com/apache/maven,Yes,No,No,Skipped
cats-oss/android-gpuimage,https://github.com/cats-oss/android-gpuimage,No,Yes,No,No
apache/shiro,https://github.com/apache/shiro,Yes,No,No,maven.yml;
YunaiV/yudao-cloud,https://github.com/YunaiV/yudao-cloud,Yes,No,No,No
java8/Java8InAction,https://github.com/java8/Java8InAction,Yes,No,No,No
naman14/Timber,https://github.com/naman14/Timber,No,Yes,Yes,No
lingochamp/FileDownloader,https://github.com/lingochamp/FileDownloader,No,Yes,Yes,No
tuguangquan/mybatis,https://github.com/tuguangquan/mybatis,Yes,No,Yes,No
yixia/VitamioBundle,https://github.com/yixia/VitamioBundle,No,Yes,No,No
swagger-api/swagger-core,https://github.com/swagger-api/swagger-core,Yes,No,No,Skipped
stacksimplify/aws-eks-kubernetes-masterclass,https://github.com/stacksimplify/aws-eks-kubernetes-masterclass,No,No,No,No
LaunchCodeEducation/techjobs-console-java,https://github.com/LaunchCodeEducation/techjobs-console-java,No,No,No,No
traccar/traccar,https://github.com/traccar/traccar,No,Yes,No,gradle.yml;
googlesamples/mlkit,https://github.com/googlesamples/mlkit,No,No,No,No
Yalantis/uCrop,https://github.com/Yalantis/uCrop,No,Yes,No,No
drtshock/Potato,https://github.com/drtshock/Potato,Yes,No,No,No
spring-guides/gs-rest-service,https://github.com/spring-guides/gs-rest-service,No,No,No,No
zhihu/Matisse,https://github.com/zhihu/Matisse,No,Yes,Yes,No
Wizcorp/phonegap-facebook-plugin,https://github.com/Wizcorp/phonegap-facebook-plugin,No,No,No,No
brianfrankcooper/YCSB,https://github.com/brianfrankcooper/YCSB,Yes,No,Yes,No
kekingcn/kkFileView,https://github.com/kekingcn/kkFileView,Yes,No,No,maven.yml;
wyouflf/xUtils3,https://github.com/wyouflf/xUtils3,No,Yes,No,No
doocs/jvm,https://github.com/doocs/jvm,No,No,No,Skipped
pedant/sweet-alert-dialog,https://github.com/pedant/sweet-alert-dialog,No,Yes,No,No
hongyangAndroid/okhttputils,https://github.com/hongyangAndroid/okhttputils,No,Yes,No,No
TooTallNate/Java-WebSocket,https://github.com/TooTallNate/Java-WebSocket,Yes,Yes,No,Skipped
shopizer-ecommerce/shopizer,https://github.com/shopizer-ecommerce/shopizer,Yes,No,No,No
MinecraftForge/MinecraftForge,https://github.com/MinecraftForge/MinecraftForge,No,Yes,No,support.yml;
spring-cloud/spring-cloud-netflix,https://github.com/spring-cloud/spring-cloud-netflix,Yes,No,No,No
newbee-ltd/newbee-mall,https://github.com/newbee-ltd/newbee-mall,Yes,No,No,No
youth5201314/banner,https://github.com/youth5201314/banner,No,Yes,No,No
NLPchina/ansj_seg,https://github.com/NLPchina/ansj_seg,Yes,No,Yes,No
knightliao/disconf,https://github.com/knightliao/disconf,Yes,No,Yes,No
TeamNewPipe/NewPipe,https://github.com/TeamNewPipe/NewPipe,No,Yes,No,Skipped
pluralsight-projects/Android-CandyCodedApplication,https://github.com/pluralsight-projects/Android-CandyCodedApplication,No,Yes,No,No
navasmdc/MaterialDesignLibrary,https://github.com/navasmdc/MaterialDesignLibrary,No,No,No,No
mockito/mockito,https://github.com/mockito/mockito,No,Yes,No,ci.yml;
guolindev/booksource,https://github.com/guolindev/booksource,No,No,No,No
motianhuo/wechat,https://github.com/motianhuo/wechat,No,No,No,No
febsteam/FEBS-Shiro,https://github.com/febsteam/FEBS-Shiro,Yes,No,No,No
kiegroup/drools,https://github.com/kiegroup/drools,Yes,No,No,Skipped
apache/maven,https://github.com/apache/maven,Yes,No,No,Skipped
Netflix/zuul,https://github.com/Netflix/zuul,No,Yes,No,Skipped
apache/shiro,https://github.com/apache/shiro,Yes,No,No,maven.yml;
Curzibn/Luban,https://github.com/Curzibn/Luban,No,Yes,Yes,No
YunaiV/yudao-cloud,https://github.com/YunaiV/yudao-cloud,Yes,No,No,No
java8/Java8InAction,https://github.com/java8/Java8InAction,Yes,No,No,No
MithunTechnologiesDevOps/spring-boot-mongo-docker,https://github.com/MithunTechnologiesDevOps/spring-boot-mongo-docker,Yes,No,No,No
naman14/Timber,https://github.com/naman14/Timber,No,Yes,Yes,No
hellokoding/hellokoding-courses,https://github.com/hellokoding/hellokoding-courses,No,No,No,No
lingochamp/FileDownloader,https://github.com/lingochamp/FileDownloader,No,Yes,Yes,No
tuguangquan/mybatis,https://github.com/tuguangquan/mybatis,Yes,No,Yes,No
bilibili/DanmakuFlameMaster,https://github.com/bilibili/DanmakuFlameMaster,No,Yes,Yes,No
yixia/VitamioBundle,https://github.com/yixia/VitamioBundle,No,Yes,No,No
jfinal/jfinal,https://github.com/jfinal/jfinal,Yes,No,No,No
TommyLemon/Android-ZBLibrary,https://github.com/TommyLemon/Android-ZBLibrary,No,Yes,No,gradle.yml;
mik3y/usb-serial-for-android,https://github.com/mik3y/usb-serial-for-android,No,Yes,No,build.yml;
wildfly/quickstart,https://github.com/wildfly/quickstart,Yes,No,No,ci.yml;
hmkcode/Java,https://github.com/hmkcode/Java,No,No,No,No
LaunchCodeEducation/java-exercises,https://github.com/LaunchCodeEducation/java-exercises,No,No,No,No
essentials/Essentials,https://github.com/essentials/Essentials,Yes,No,Yes,No
CodingDocs/springboot-guide,https://github.com/CodingDocs/springboot-guide,No,No,No,No
awsdocs/aws-lambda-developer-guide,https://github.com/awsdocs/aws-lambda-developer-guide,No,No,No,No
tbruyelle/RxPermissions,https://github.com/tbruyelle/RxPermissions,No,Yes,Yes,No
robolectric/robolectric,https://github.com/robolectric/robolectric,No,Yes,No,Skipped
MithunTechnologiesDevOps/maven-standalone-application,https://github.com/MithunTechnologiesDevOps/maven-standalone-application,Yes,No,No,No
XRecyclerView/XRecyclerView,https://github.com/XRecyclerView/XRecyclerView,No,Yes,No,No
openaphid/android-flip,https://github.com/openaphid/android-flip,No,No,No,No
in28minutes/spring-master-class,https://github.com/in28minutes/spring-master-class,No,No,No,No
abstrakraft/android_build,https://github.com/abstrakraft/android_build,No,No,No,No
LaunchCodeEducation/java-web-dev-exercises,https://github.com/LaunchCodeEducation/java-web-dev-exercises,No,No,No,No
mercyblitz/geekbang-lessons,https://github.com/mercyblitz/geekbang-lessons,No,No,No,No
springframeworkguru/spring5-di-demo,https://github.com/springframeworkguru/spring5-di-demo,Yes,No,No,No
Exrick/xboot,https://github.com/Exrick/xboot,No,No,No,No
ssssssss-team/spider-flow,https://github.com/ssssssss-team/spider-flow,Yes,No,No,No
stacksimplify/kubernetes-fundamentals,https://github.com/stacksimplify/kubernetes-fundamentals,No,No,No,No
se-edu/addressbook-level2,https://github.com/se-edu/addressbook-level2,No,No,Yes,No
bobeast/PushPlugin-deprecated,https://github.com/bobeast/PushPlugin-deprecated,No,No,No,No
OpenTSDB/opentsdb,https://github.com/OpenTSDB/opentsdb,No,No,No,No
getodk/collect,https://github.com/getodk/collect,No,Yes,No,No
yangfuhai/ASimpleCache,https://github.com/yangfuhai/ASimpleCache,No,No,No,No
iNPUTmice/Conversations,https://github.com/iNPUTmice/Conversations,No,Yes,No,android.yml;
nacos-group/nacos-examples,https://github.com/nacos-group/nacos-examples,Yes,No,No,No
rakeshcusat/Code4Reference,https://github.com/rakeshcusat/Code4Reference,No,No,No,No
zouzg/mybatis-generator-gui,https://github.com/zouzg/mybatis-generator-gui,Yes,No,No,No
androidannotations/androidannotations,https://github.com/androidannotations/androidannotations,No,No,Yes,No
in28minutes/spring-microservices,https://github.com/in28minutes/spring-microservices,No,No,No,No
hongyangAndroid/okhttputils,https://github.com/hongyangAndroid/okhttputils,No,Yes,No,No
lipangit/JiaoZiVideoPlayer,https://github.com/lipangit/JiaoZiVideoPlayer,No,Yes,No,No
H07000223/FlycoTabLayout,https://github.com/H07000223/FlycoTabLayout,No,Yes,No,No
shopizer-ecommerce/shopizer,https://github.com/shopizer-ecommerce/shopizer,Yes,No,No,No
mybatis/spring,https://github.com/mybatis/spring,Yes,No,No,Skipped
frank-lam/fullstack-tutorial,https://github.com/frank-lam/fullstack-tutorial,No,No,Yes,No
MinecraftForge/MinecraftForge,https://github.com/MinecraftForge/MinecraftForge,No,Yes,No,support.yml;
spring-cloud/spring-cloud-netflix,https://github.com/spring-cloud/spring-cloud-netflix,Yes,No,No,No
newbee-ltd/newbee-mall,https://github.com/newbee-ltd/newbee-mall,Yes,No,No,No
bitcoinj/bitcoinj,https://github.com/bitcoinj/bitcoinj,No,Yes,No,Skipped
NLPchina/ansj_seg,https://github.com/NLPchina/ansj_seg,Yes,No,Yes,No
umano/AndroidSlidingUpPanel,https://github.com/umano/AndroidSlidingUpPanel,No,Yes,Yes,No
android-hacker/VirtualXposed,https://github.com/android-hacker/VirtualXposed,No,No,Yes,android.yml;
pluralsight-projects/Android-CandyCodedApplication,https://github.com/pluralsight-projects/Android-CandyCodedApplication,No,Yes,No,No
navasmdc/MaterialDesignLibrary,https://github.com/navasmdc/MaterialDesignLibrary,No,No,No,No
mockito/mockito,https://github.com/mockito/mockito,No,Yes,No,ci.yml;
geeeeeeeeek/WeChatLuckyMoney,https://github.com/geeeeeeeeek/WeChatLuckyMoney,No,Yes,Yes,No
zhanglei-workspace/shopping-management-system,https://github.com/zhanglei-workspace/shopping-management-system,No,No,No,No
motianhuo/wechat,https://github.com/motianhuo/wechat,No,No,No,No
macrozheng/springcloud-learning,https://github.com/macrozheng/springcloud-learning,Yes,No,No,No
febsteam/FEBS-Shiro,https://github.com/febsteam/FEBS-Shiro,Yes,No,No,No
kiegroup/drools,https://github.com/kiegroup/drools,Yes,No,No,Skipped
apache/maven,https://github.com/apache/maven,Yes,No,No,Skipped
Netflix/zuul,https://github.com/Netflix/zuul,No,Yes,No,Skipped
apache/incubator-shenyu,https://github.com/apache/incubator-shenyu,Yes,No,No,Skipped
cats-oss/android-gpuimage,https://github.com/cats-oss/android-gpuimage,No,Yes,No,No
apache/shiro,https://github.com/apache/shiro,Yes,No,No,maven.yml;
OpenTSDB/opentsdb,https://github.com/OpenTSDB/opentsdb,No,No,No,No
getodk/collect,https://github.com/getodk/collect,No,Yes,No,No
yangfuhai/ASimpleCache,https://github.com/yangfuhai/ASimpleCache,No,No,No,No
barry-ran/QtScrcpy,https://github.com/barry-ran/QtScrcpy,No,No,No,Skipped
citerus/dddsample-core,https://github.com/citerus/dddsample-core,Yes,No,Yes,No
devopshydclub/vprofile-project,https://github.com/devopshydclub/vprofile-project,Yes,No,No,No
MindorksOpenSource/android-mvp-architecture,https://github.com/MindorksOpenSource/android-mvp-architecture,No,Yes,No,No
rakeshcusat/Code4Reference,https://github.com/rakeshcusat/Code4Reference,No,No,No,No
bisq-network/bisq,https://github.com/bisq-network/bisq,No,Yes,Yes,build.yml;
FasterXML/jackson-databind,https://github.com/FasterXML/jackson-databind,Yes,No,Yes,Skipped
gabrielemariotti/cardslib,https://github.com/gabrielemariotti/cardslib,No,Yes,Yes,No
pedrovgs/EffectiveAndroidUI,https://github.com/pedrovgs/EffectiveAndroidUI,No,Yes,Yes,No
gshipley/openshift3mlbparks,https://github.com/gshipley/openshift3mlbparks,Yes,No,No,No
oldmanpushcart/greys-anatomy,https://github.com/oldmanpushcart/greys-anatomy,Yes,No,No,No
jwtk/jjwt,https://github.com/jwtk/jjwt,Yes,No,No,ci.yml;
hitherejoe/Android-Boilerplate,https://github.com/hitherejoe/Android-Boilerplate,No,Yes,Yes,No
Ficoxl/JamsMusicPlayer,https://github.com/Ficoxl/JamsMusicPlayer,No,Yes,No,No
derekoneil/twitter-feed-oke,https://github.com/derekoneil/twitter-feed-oke,Yes,No,No,No
alamkanak/Android-Week-View,https://github.com/alamkanak/Android-Week-View,No,Yes,No,No
brianway/java-learning,https://github.com/brianway/java-learning,Yes,No,No,No
hongyangAndroid/baseAdapter,https://github.com/hongyangAndroid/baseAdapter,No,Yes,No,No
eoecn/android-app,https://github.com/eoecn/android-app,No,No,No,No
qii/weiciyuan,https://github.com/qii/weiciyuan,No,Yes,No,No
codingXiaxw/seckill,https://github.com/codingXiaxw/seckill,Yes,No,No,No
fishercoder1534/Leetcode,https://github.com/fishercoder1534/Leetcode,No,Yes,Yes,No
JakeWharton/DiskLruCache,https://github.com/JakeWharton/DiskLruCache,Yes,No,Yes,No
junit-team/junit5,https://github.com/junit-team/junit5,No,No,No,Skipped
apache/parquet-mr,https://github.com/apache/parquet-mr,Yes,No,Yes,test.yml;
mbarrben/android-stickyheaderswipelistview,https://github.com/mbarrben/android-stickyheaderswipelistview,Yes,No,No,No
a-thomas/android-bootstrap,https://github.com/a-thomas/android-bootstrap,Yes,No,No,No
abel533/MyBatis-Spring-Boot,https://github.com/abel533/MyBatis-Spring-Boot,Yes,No,No,No
antoniolg/androidmvp,https://github.com/antoniolg/androidmvp,No,Yes,No,No
cjlin1/libsvm,https://github.com/cjlin1/libsvm,No,No,No,No
goldze/MVVMHabit,https://github.com/goldze/MVVMHabit,No,Yes,No,No
Angel-ML/angel,https://github.com/Angel-ML/angel,Yes,No,Yes,No
katzer/cordova-plugin-local-notifications,https://github.com/katzer/cordova-plugin-local-notifications,No,No,No,No
mcxiaoke/android-volley,https://github.com/mcxiaoke/android-volley,Yes,Yes,No,No
PaperMC/Paper,https://github.com/PaperMC/Paper,No,No,No,build.yml;
xamarin/docs-archive,https://github.com/xamarin/docs-archive,No,No,No,No
Meituan-Dianping/Leaf,https://github.com/Meituan-Dianping/Leaf,Yes,No,No,No
guolindev/LitePal,https://github.com/guolindev/LitePal,No,Yes,No,No
huanghaibin-dev/CalendarView,https://github.com/huanghaibin-dev/CalendarView,No,Yes,No,No
geoand/spring-cloud-microservice-example,https://github.com/geoand/spring-cloud-microservice-example,Yes,No,No,No
AnjuMeleth/SpringPetClinic,https://github.com/AnjuMeleth/SpringPetClinic,Yes,No,Yes,No
java-native-access/jna,https://github.com/java-native-access/jna,No,No,Yes,ci.yaml;
karatelabs/karate,https://github.com/karatelabs/karate,Yes,No,No,Skipped
JakeWharton/NineOldAndroids,https://github.com/JakeWharton/NineOldAndroids,Yes,No,No,No
roughike/BottomBar,https://github.com/roughike/BottomBar,No,Yes,Yes,No
koush/AndroidAsync,https://github.com/koush/AndroidAsync,No,Yes,No,No
joelittlejohn/jsonschema2pojo,https://github.com/joelittlejohn/jsonschema2pojo,Yes,No,No,Skipped
googlearchive/android-Camera2Basic,https://github.com/googlearchive/android-Camera2Basic,No,Yes,No,No
emilsjolander/StickyListHeaders,https://github.com/emilsjolander/StickyListHeaders,No,Yes,No,No
stylefeng/Guns,https://github.com/stylefeng/Guns,Yes,No,No,No
saysky/ForestBlog,https://github.com/saysky/ForestBlog,No,No,No,No
wildfirechat/im-server,https://github.com/wildfirechat/im-server,Yes,No,Yes,No
yangfuhai/afinal,https://github.com/yangfuhai/afinal,No,No,No,No
processing/processing,https://github.com/processing/processing,No,No,No,lock.yml;
liquibase/liquibase,https://github.com/liquibase/liquibase,Yes,No,No,Skipped
googlemaps/android-maps-utils,https://github.com/googlemaps/android-maps-utils,No,Yes,No,Skipped
azkaban/azkaban,https://github.com/azkaban/azkaban,No,Yes,Yes,No
sofastack/sofa-jarslink,https://github.com/sofastack/sofa-jarslink,Yes,No,Yes,No
algorithmzuo/algorithmbasic2020,https://github.com/algorithmzuo/algorithmbasic2020,No,No,No,No
how2j/hellogit,https://github.com/how2j/hellogit,No,No,No,No
todoroo/astrid,https://github.com/todoroo/astrid,No,No,No,No
google/physical-web,https://github.com/google/physical-web,No,No,Yes,No
yidao620c/SpringBootBucket,https://github.com/yidao620c/SpringBootBucket,No,No,No,No
Raysmond/SpringBlog,https://github.com/Raysmond/SpringBlog,No,Yes,No,No
shuleisanshi/myblog,https://github.com/shuleisanshi/myblog,Yes,No,No,No
LaunchCodeEducation/java-web-dev-techjobs-mvc,https://github.com/LaunchCodeEducation/java-web-dev-techjobs-mvc,No,Yes,No,No
SamPriyadarshi/addressbook,https://github.com/SamPriyadarshi/addressbook,Yes,No,No,No
dicodingacademy/a51-android-pemula-labs,https://github.com/dicodingacademy/a51-android-pemula-labs,No,No,No,No
JeffLi1993/java-core-learning-example,https://github.com/JeffLi1993/java-core-learning-example,Yes,No,No,No
zcweng/ToggleButton,https://github.com/zcweng/ToggleButton,No,Yes,No,No
mercyblitz/tech-weekly,https://github.com/mercyblitz/tech-weekly,No,No,No,No
javamelody/javamelody,https://github.com/javamelody/javamelody,Yes,No,Yes,No
kliakos/sparkjava-war-example,https://github.com/kliakos/sparkjava-war-example,Yes,No,No,No
super30admin/Linked-List-2,https://github.com/super30admin/Linked-List-2,No,No,No,No
evollu/react-native-fcm,https://github.com/evollu/react-native-fcm,No,No,No,No
tiann/epic,https://github.com/tiann/epic,No,Yes,No,android.yml;
YahooArchive/anthelion,https://github.com/YahooArchive/anthelion,No,No,No,No
in28minutes/SpringBootForBeginners,https://github.com/in28minutes/SpringBootForBeginners,Yes,No,No,No
jenkinsci/email-ext-plugin,https://github.com/jenkinsci/email-ext-plugin,Yes,No,No,Skipped
trojan-gfw/igniter,https://github.com/trojan-gfw/igniter,No,Yes,No,No
lyrric/seckill,https://github.com/lyrric/seckill,Yes,No,No,No
joonspoon/madecraft-oop,https://github.com/joonspoon/madecraft-oop,No,No,No,No
aurelhubert/ahbottomnavigation,https://github.com/aurelhubert/ahbottomnavigation,No,Yes,No,No
Prof-Calebe/Source-Code-Inspection,https://github.com/Prof-Calebe/Source-Code-Inspection,No,No,Yes,No
guolindev/giffun,https://github.com/guolindev/giffun,No,Yes,No,No
grantland/android-autofittextview,https://github.com/grantland/android-autofittextview,No,Yes,No,No
winder/Universal-G-Code-Sender,https://github.com/winder/Universal-G-Code-Sender,Yes,No,Yes,No
Tencent/Shadow,https://github.com/Tencent/Shadow,No,Yes,No,Skipped
LandmarkTechnology/maven-web-application,https://github.com/LandmarkTechnology/maven-web-application,Yes,No,No,No
fyhertz/libstreaming,https://github.com/fyhertz/libstreaming,Yes,No,No,No
guoguibing/librec,https://github.com/guoguibing/librec,Yes,No,No,No
huanzi-qch/base-admin,https://github.com/huanzi-qch/base-admin,Yes,No,No,No
udacity/Android_Me,https://github.com/udacity/Android_Me,No,Yes,No,No
jetlinks/jetlinks-community,https://github.com/jetlinks/jetlinks-community,Yes,No,No,Skipped
crazycodeboy/react-native-splash-screen,https://github.com/crazycodeboy/react-native-splash-screen,No,No,No,No
googleapis/google-cloud-java,https://github.com/googleapis/google-cloud-java,Yes,No,No,readme.yaml;
dreamhead/moco,https://github.com/dreamhead/moco,No,Yes,Yes,No
thinkaurelius/titan,https://github.com/thinkaurelius/titan,Yes,No,No,No
LandGrey/SpringBootVulExploit,https://github.com/LandGrey/SpringBootVulExploit,No,No,No,No
yipianfengye/android-zxingLibrary,https://github.com/yipianfengye/android-zxingLibrary,No,Yes,No,No
DesignativeDave/androrat,https://github.com/DesignativeDave/androrat,No,No,No,No
SpigotMC/BungeeCord,https://github.com/SpigotMC/BungeeCord,Yes,No,No,maven.yml;
spring-projects/spring-session,https://github.com/spring-projects/spring-session,No,Yes,No,Skipped
jackpal/Android-Terminal-Emulator,https://github.com/jackpal/Android-Terminal-Emulator,No,Yes,No,No
se-edu/addressbook-level25,https://github.com/se-edu/addressbook-level25,No,Yes,Yes,No
apache/fineract,https://github.com/apache/fineract,No,Yes,No,Skipped
reactor/reactor-core,https://github.com/reactor/reactor-core,No,Yes,No,Skipped
confluentinc/kafka-streams-examples,https://github.com/confluentinc/kafka-streams-examples,Yes,No,No,No
graphql-java/graphql-java,https://github.com/graphql-java/graphql-java,No,Yes,No,Skipped
castorflex/SmoothProgressBar,https://github.com/castorflex/SmoothProgressBar,No,Yes,Yes,No
bingoogolapple/BGARefreshLayout-Android,https://github.com/bingoogolapple/BGARefreshLayout-Android,No,Yes,No,No
Konloch/bytecode-viewer,https://github.com/Konloch/bytecode-viewer,Yes,No,No,maven.yml;
microservices-patterns/ftgo-application,https://github.com/microservices-patterns/ftgo-application,No,Yes,No,No
geotools/geotools,https://github.com/geotools/geotools,Yes,No,No,Skipped
jiangqqlmj/FastDev4Android,https://github.com/jiangqqlmj/FastDev4Android,No,Yes,No,No
JesusFreke/smali,https://github.com/JesusFreke/smali,No,Yes,No,No
wcaquinocursos/tasks-backend,https://github.com/wcaquinocursos/tasks-backend,Yes,No,No,No
jiangqqlmj/FastDev4Android,https://github.com/jiangqqlmj/FastDev4Android,No,Yes,No,No
JesusFreke/smali,https://github.com/JesusFreke/smali,No,Yes,No,No
wcaquinocursos/tasks-backend,https://github.com/wcaquinocursos/tasks-backend,Yes,No,No,No
magnayn/Hudson-GIT-plugin,https://github.com/magnayn/Hudson-GIT-plugin,Yes,No,No,No
avjinder/Minimal-Todo,https://github.com/avjinder/Minimal-Todo,No,Yes,Yes,No
itwanger/JavaBooks,https://github.com/itwanger/JavaBooks,No,No,No,No
playgameservices/android-basic-samples,https://github.com/playgameservices/android-basic-samples,No,Yes,No,No
SpringCloud/spring-cloud-code,https://github.com/SpringCloud/spring-cloud-code,Yes,No,No,No
Meituan-Dianping/walle,https://github.com/Meituan-Dianping/walle,No,Yes,No,No
LaunchCodeEducation/cheese-mvc-persistent,https://github.com/LaunchCodeEducation/cheese-mvc-persistent,No,Yes,No,No
ximsfei/Android-skin-support,https://github.com/ximsfei/Android-skin-support,No,Yes,No,No
android/connectivity-samples,https://github.com/android/connectivity-samples,No,No,No,Skipped
chrisbanes/ActionBar-PullToRefresh,https://github.com/chrisbanes/ActionBar-PullToRefresh,No,Yes,No,No
smeise/Sunshine,https://github.com/smeise/Sunshine,No,Yes,No,No
confluentinc/schema-registry,https://github.com/confluentinc/schema-registry,Yes,No,No,No
niuxdexiaobai/Meizhi,https://github.com/niuxdexiaobai/Meizhi,No,Yes,No,No
mercyblitz/segmentfault-lessons,https://github.com/mercyblitz/segmentfault-lessons,No,No,No,No
spring-projects/spring-data-redis,https://github.com/spring-projects/spring-data-redis,Yes,No,No,project.yml;
habuma/spring-in-action-5-samples,https://github.com/habuma/spring-in-action-5-samples,No,No,No,No
callicoder/spring-security-react-ant-design-polls-app,https://github.com/callicoder/spring-security-react-ant-design-polls-app,No,No,No,No
seven332/EhViewer,https://github.com/seven332/EhViewer,No,Yes,No,No
techGay/v9porn,https://github.com/techGay/v9porn,No,Yes,No,android.yml;
daticahealth/java-tomcat-maven-example,https://github.com/daticahealth/java-tomcat-maven-example,Yes,No,No,No
nsdown/ZhihuDailyPurify,https://github.com/nsdown/ZhihuDailyPurify,No,Yes,No,No
hazelybell/lonelyTwitter,https://github.com/hazelybell/lonelyTwitter,No,Yes,No,No
caelum/fj22-ingressos,https://github.com/caelum/fj22-ingressos,Yes,No,No,No
jglick/simple-maven-project-with-tests,https://github.com/jglick/simple-maven-project-with-tests,Yes,No,No,No
stacktipslab/Android-UI-Tutorials,https://github.com/stacktipslab/Android-UI-Tutorials,No,No,No,No
wdullaer/MaterialDateTimePicker,https://github.com/wdullaer/MaterialDateTimePicker,No,Yes,Yes,No
spring-projects/spring-integration,https://github.com/spring-projects/spring-integration,No,Yes,No,Skipped
killbill/killbill,https://github.com/killbill/killbill,Yes,No,No,Skipped
raphw/byte-buddy,https://github.com/raphw/byte-buddy,Yes,No,No,main.yml;
SlimeKnights/TinkersConstruct,https://github.com/SlimeKnights/TinkersConstruct,No,Yes,No,No
killme2008/aviatorscript,https://github.com/killme2008/aviatorscript,Yes,No,Yes,No
gcacace/android-signaturepad,https://github.com/gcacace/android-signaturepad,No,Yes,No,No
cryptomator/cryptomator,https://github.com/cryptomator/cryptomator,Yes,No,No,Skipped
anitaa1990/Android-Cheat-sheet,https://github.com/anitaa1990/Android-Cheat-sheet,No,No,No,No
Prototik/HoloEverywhere,https://github.com/Prototik/HoloEverywhere,Yes,Yes,Yes,No
leechenxiang/imooc-springboot-starter,https://github.com/leechenxiang/imooc-springboot-starter,Yes,No,No,No
amulyakhare/TextDrawable,https://github.com/amulyakhare/TextDrawable,No,Yes,No,No
magefree/mage,https://github.com/magefree/mage,Yes,No,Yes,mtg-fetch-cards.yml;
megagao/production_ssm,https://github.com/megagao/production_ssm,Yes,No,No,No
hmkcode/Spring-Framework,https://github.com/hmkcode/Spring-Framework,No,No,No,No
douglascraigschmidt/LiveLessons,https://github.com/douglascraigschmidt/LiveLessons,No,No,No,No
floodlight/floodlight,https://github.com/floodlight/floodlight,Yes,No,Yes,No
harism/android-pagecurl,https://github.com/harism/android-pagecurl,No,No,No,No
CJRivas/jenkinspipeline,https://github.com/CJRivas/jenkinspipeline,Yes,No,No,No
cs125-illinois/Spring-2018-Lab5,https://github.com/cs125-illinois/Spring-2018-Lab5,No,Yes,No,No
rchidana/mvnwebapp,https://github.com/rchidana/mvnwebapp,Yes,No,No,maven.yml;
jenkinsci/ghprb-plugin,https://github.com/jenkinsci/ghprb-plugin,Yes,No,No,No
bmelnychuk/AndroidTreeView,https://github.com/bmelnychuk/AndroidTreeView,No,Yes,No,No
kiritbasu/datacollector,https://github.com/kiritbasu/datacollector,Yes,No,No,No
Flipboard/bottomsheet,https://github.com/Flipboard/bottomsheet,No,Yes,Yes,No
oschina/android-app,https://github.com/oschina/android-app,No,No,No,No
zhegexiaohuozi/SeimiCrawler,https://github.com/zhegexiaohuozi/SeimiCrawler,Yes,No,No,No
DreamOfTheRedChamber/system-design-interviews,https://github.com/DreamOfTheRedChamber/system-design-interviews,No,No,No,No
googlearchive/android-BluetoothLeGatt,https://github.com/googlearchive/android-BluetoothLeGatt,No,Yes,No,No
yzcheng90/X-SpringBoot,https://github.com/yzcheng90/X-SpringBoot,Yes,No,No,No
adobe/aem-core-wcm-components,https://github.com/adobe/aem-core-wcm-components,Yes,No,No,Skipped
zhou-you/RxEasyHttp,https://github.com/zhou-you/RxEasyHttp,No,Yes,No,No
bephrem1/backtobackswe,https://github.com/bephrem1/backtobackswe,No,No,No,No
alibaba/mdrill,https://github.com/alibaba/mdrill,No,No,No,No
android/animation-samples,https://github.com/android/animation-samples,No,No,No,Skipped
hacktoberfest17/programming,https://github.com/hacktoberfest17/programming,No,No,No,No
wymsee/cordova-imagePicker,https://github.com/wymsee/cordova-imagePicker,No,No,No,No
GDG-Korea/PinterestLikeAdapterView,https://github.com/GDG-Korea/PinterestLikeAdapterView,No,Yes,Yes,No
next-step/java-baseball-precourse,https://github.com/next-step/java-baseball-precourse,No,Yes,No,No
LaunchCodeEducation/coding-events-demo,https://github.com/LaunchCodeEducation/coding-events-demo,No,Yes,No,No
kenken64/StackAnnotation,https://github.com/kenken64/StackAnnotation,No,No,No,No
rcpoison/jgrapht,https://github.com/rcpoison/jgrapht,Yes,No,No,No
timehop/sticky-headers-recyclerview,https://github.com/timehop/sticky-headers-recyclerview,No,Yes,No,No
JavaCourse00/JavaCourseCodes,https://github.com/JavaCourse00/JavaCourseCodes,No,No,No,No
springframeworkguru/tdd-by-example,https://github.com/springframeworkguru/tdd-by-example,Yes,No,No,No
actorapp/actor-platform,https://github.com/actorapp/actor-platform,No,Yes,Yes,No
huaban/jieba-analysis,https://github.com/huaban/jieba-analysis,Yes,No,No,No
mitreid-connect/OpenID-Connect-Java-Spring-Server,https://github.com/mitreid-connect/OpenID-Connect-Java-Spring-Server,Yes,No,Yes,No
HouariZegai/Calculator,https://github.com/HouariZegai/Calculator,Yes,No,No,No
yarolegovich/DiscreteScrollView,https://github.com/yarolegovich/DiscreteScrollView,No,Yes,No,No
wildfirechat/android-chat,https://github.com/wildfirechat/android-chat,No,Yes,No,No
EhsanTang/ApiManager,https://github.com/EhsanTang/ApiManager,No,No,No,No
scmgalaxy/helloworld-java-maven,https://github.com/scmgalaxy/helloworld-java-maven,Yes,No,No,No
javadevjournal/javadevjournal,https://github.com/javadevjournal/javadevjournal,No,No,No,codeql-analysis.yml;
doublechaintech/scm-biz-suite,https://github.com/doublechaintech/scm-biz-suite,No,No,No,No
nathanmarz/storm-starter,https://github.com/nathanmarz/storm-starter,No,No,No,No
beefe/react-native-picker,https://github.com/beefe/react-native-picker,No,No,No,No
moquette-io/moquette,https://github.com/moquette-io/moquette,Yes,No,No,Skipped
LaunchCodeEducation/java-web-dev-techjobs-oo,https://github.com/LaunchCodeEducation/java-web-dev-techjobs-oo,No,No,No,No
NiceSeason/gulimall-learning,https://github.com/NiceSeason/gulimall-learning,Yes,No,No,No
Atmosphere/atmosphere,https://github.com/Atmosphere/atmosphere,Yes,No,No,Skipped
apache/servicecomb-java-chassis,https://github.com/apache/servicecomb-java-chassis,Yes,No,No,Skipped
dinuscxj/LoadingDrawable,https://github.com/dinuscxj/LoadingDrawable,No,Yes,No,No
vaadin/addressbook,https://github.com/vaadin/addressbook,Yes,No,No,No
MiguelCatalan/MaterialSearchView,https://github.com/MiguelCatalan/MaterialSearchView,No,Yes,No,No
yanbober/Android-Blog-Source,https://github.com/yanbober/Android-Blog-Source,No,No,No,No
RyanFehr/HackerRank,https://github.com/RyanFehr/HackerRank,No,No,No,No
spring2go/oauth2lab,https://github.com/spring2go/oauth2lab,No,No,No,No
binIoter/GuideView,https://github.com/binIoter/GuideView,No,Yes,No,No
abel533/Mybatis-Spring,https://github.com/abel533/Mybatis-Spring,Yes,No,No,No
meefik/linuxdeploy,https://github.com/meefik/linuxdeploy,No,Yes,No,No
killbill/killbill,https://github.com/killbill/killbill,Yes,No,No,Skipped
raphw/byte-buddy,https://github.com/raphw/byte-buddy,Yes,No,No,main.yml;
SlimeKnights/TinkersConstruct,https://github.com/SlimeKnights/TinkersConstruct,No,Yes,No,No
killme2008/aviatorscript,https://github.com/killme2008/aviatorscript,Yes,No,Yes,No
gcacace/android-signaturepad,https://github.com/gcacace/android-signaturepad,No,Yes,No,No
cryptomator/cryptomator,https://github.com/cryptomator/cryptomator,Yes,No,No,Skipped
anitaa1990/Android-Cheat-sheet,https://github.com/anitaa1990/Android-Cheat-sheet,No,No,No,No
Prototik/HoloEverywhere,https://github.com/Prototik/HoloEverywhere,Yes,Yes,Yes,No
leechenxiang/imooc-springboot-starter,https://github.com/leechenxiang/imooc-springboot-starter,Yes,No,No,No
Swati4star/Images-to-PDF,https://github.com/Swati4star/Images-to-PDF,No,Yes,Yes,No
amulyakhare/TextDrawable,https://github.com/amulyakhare/TextDrawable,No,Yes,No,No
magefree/mage,https://github.com/magefree/mage,Yes,No,Yes,mtg-fetch-cards.yml;
in28minutes/jpa-with-hibernate,https://github.com/in28minutes/jpa-with-hibernate,No,No,No,No
megagao/production_ssm,https://github.com/megagao/production_ssm,Yes,No,No,No
hmkcode/Spring-Framework,https://github.com/hmkcode/Spring-Framework,No,No,No,No
douglascraigschmidt/LiveLessons,https://github.com/douglascraigschmidt/LiveLessons,No,No,No,No
PowerJob/PowerJob,https://github.com/PowerJob/PowerJob,Yes,No,No,Skipped
floodlight/floodlight,https://github.com/floodlight/floodlight,Yes,No,Yes,No
harism/android-pagecurl,https://github.com/harism/android-pagecurl,No,No,No,No
CJRivas/jenkinspipeline,https://github.com/CJRivas/jenkinspipeline,Yes,No,No,No
cs125-illinois/Spring-2018-Lab5,https://github.com/cs125-illinois/Spring-2018-Lab5,No,Yes,No,No
redsolution/xabber-android,https://github.com/redsolution/xabber-android,No,Yes,Yes,No
liuyubobobo/Play-with-Data-Structures,https://github.com/liuyubobobo/Play-with-Data-Structures,No,No,No,No
rockerhieu/emojicon,https://github.com/rockerhieu/emojicon,No,Yes,No,No
super30admin/Array-2,https://github.com/super30admin/Array-2,No,No,No,No
natario1/CameraView,https://github.com/natario1/CameraView,No,No,No,Skipped
commonsguy/cw-android,https://github.com/commonsguy/cw-android,No,No,No,No
baoyachi/StepView,https://github.com/baoyachi/StepView,No,Yes,No,No
vector4wang/spring-boot-quick,https://github.com/vector4wang/spring-boot-quick,Yes,No,Yes,github2gitee.yml;
super30admin/DP-2,https://github.com/super30admin/DP-2,No,No,No,No
fluttercommunity/flutter_webview_plugin,https://github.com/fluttercommunity/flutter_webview_plugin,No,No,No,Skipped
lovetuzitong/MultiImageSelector,https://github.com/lovetuzitong/MultiImageSelector,No,Yes,No,No
eclipse-archived/smarthome,https://github.com/eclipse-archived/smarthome,Yes,No,Yes,No
rememberber/WePush,https://github.com/rememberber/WePush,Yes,No,Yes,No
Trinea/android-demo,https://github.com/Trinea/android-demo,No,No,No,No
apache/httpcomponents-client,https://github.com/apache/httpcomponents-client,Yes,No,Yes,Skipped
fossasia/pslab-android,https://github.com/fossasia/pslab-android,No,Yes,No,Skipped
linkedin/dr-elephant,https://github.com/linkedin/dr-elephant,No,No,Yes,No
y35uishere/apache-log4j-poc,https://github.com/y35uishere/apache-log4j-poc,Yes,No,No,No
pcdavies/TwitterFeed,https://github.com/pcdavies/TwitterFeed,Yes,No,No,No
dkim0419/SoundRecorder,https://github.com/dkim0419/SoundRecorder,No,Yes,No,No
hanks-zyh/HTextView,https://github.com/hanks-zyh/HTextView,No,Yes,No,No
Marswin/MarsDaemon,https://github.com/Marswin/MarsDaemon,No,Yes,No,No
eirslett/frontend-maven-plugin,https://github.com/eirslett/frontend-maven-plugin,Yes,No,No,main.yml;
stfalcon-studio/ChatKit,https://github.com/stfalcon-studio/ChatKit,No,Yes,No,No
jabedhasan21/java-hello-world-with-maven,https://github.com/jabedhasan21/java-hello-world-with-maven,Yes,No,No,No
jjoe64/GraphView,https://github.com/jjoe64/GraphView,No,Yes,No,No
lizhangqu/CoreLink,https://github.com/lizhangqu/CoreLink,No,No,No,No
LandmarkTechnology/maven-standalone-application,https://github.com/LandmarkTechnology/maven-standalone-application,Yes,No,No,No
ihrupin/samples,https://github.com/ihrupin/samples,No,No,No,No
cloudfoundry/uaa,https://github.com/cloudfoundry/uaa,No,Yes,No,Skipped
Arronlong/httpclientutil,https://github.com/Arronlong/httpclientutil,Yes,No,No,No
mercyblitz/thinking-in-spring-boot-samples,https://github.com/mercyblitz/thinking-in-spring-boot-samples,Yes,No,No,No
SplashCodes/JAViewer,https://github.com/SplashCodes/JAViewer,No,Yes,No,No
kabouzeid/Phonograph,https://github.com/kabouzeid/Phonograph,No,Yes,No,No
spring-cloud/spring-cloud-sleuth,https://github.com/spring-cloud/spring-cloud-sleuth,Yes,No,No,Skipped
caoxinyu/RedisClient,https://github.com/caoxinyu/RedisClient,Yes,No,No,No
joaopsilva/binance-java-api,https://github.com/joaopsilva/binance-java-api,Yes,No,No,No
WVector/AppUpdate,https://github.com/WVector/AppUpdate,No,Yes,No,No
xuxueli/xxl-sso,https://github.com/xuxueli/xxl-sso,Yes,No,No,maven.yml;
andremion/Music-Player,https://github.com/andremion/Music-Player,No,Yes,No,No
decaywood/XueQiuSuperSpider,https://github.com/decaywood/XueQiuSuperSpider,Yes,No,No,No
kenken64/StackAnnotationMaven,https://github.com/kenken64/StackAnnotationMaven,Yes,No,No,No
FudanNLP/fnlp,https://github.com/FudanNLP/fnlp,Yes,No,No,No
spring-projects/spring-restdocs,https://github.com/spring-projects/spring-restdocs,No,Yes,No,No
coobird/thumbnailator,https://github.com/coobird/thumbnailator,Yes,No,No,No
leafgray/pysonar2,https://github.com/leafgray/pysonar2,No,No,No,No
mybatis/jpetstore-6,https://github.com/mybatis/jpetstore-6,Yes,No,No,Skipped
LaunchCodeEducation/java-web-dev-studio7,https://github.com/LaunchCodeEducation/java-web-dev-studio7,No,No,No,No
BruceEckel/OnJava8-Examples,https://github.com/BruceEckel/OnJava8-Examples,No,Yes,No,No
codingXiaxw/CustomerManagement,https://github.com/codingXiaxw/CustomerManagement,No,No,No,No
xinghongfei/LookLook,https://github.com/xinghongfei/LookLook,No,Yes,No,No
pakerfeldt/android-viewflow,https://github.com/pakerfeldt/android-viewflow,No,No,No,No
BaReinhard/Hacktoberfest-Data-Structure-and-Algorithms,https://github.com/BaReinhard/Hacktoberfest-Data-Structure-and-Algorithms,No,No,No,No
fleetman-ci-cd-demo/fleetman-api-gateway,https://github.com/fleetman-ci-cd-demo/fleetman-api-gateway,Yes,No,No,No
razerdp/BasePopup,https://github.com/razerdp/BasePopup,Yes,Yes,No,No
apache/shardingsphere-example,https://github.com/apache/shardingsphere-example,Yes,No,No,No
opennetworkinglab/onos,https://github.com/opennetworkinglab/onos,No,No,No,No
QuickBlox/quickblox-android-sdk,https://github.com/QuickBlox/quickblox-android-sdk,No,No,No,No
super30admin/DP-3,https://github.com/super30admin/DP-3,No,No,No,No
nitaliano/react-native-mapbox-gl,https://github.com/nitaliano/react-native-mapbox-gl,No,No,No,No
yangchong211/YCVideoPlayer,https://github.com/yangchong211/YCVideoPlayer,No,Yes,No,No
codepath/android-debugging-challenges,https://github.com/codepath/android-debugging-challenges,No,Yes,Yes,No
mate-academy/jv-hash-map,https://github.com/mate-academy/jv-hash-map,Yes,No,No,ci.yml;
k1ngzo/RS-2009,https://github.com/k1ngzo/RS-2009,No,No,No,No
PraktikumJava/m1-t12-debug,https://github.com/PraktikumJava/m1-t12-debug,No,No,No,No
gardncl/elements-of-programming-interviews,https://github.com/gardncl/elements-of-programming-interviews,Yes,No,Yes,No
Comcast/FreeFlow,https://github.com/Comcast/FreeFlow,No,Yes,No,No
mimminito/cardsui-for-android,https://github.com/mimminito/cardsui-for-android,No,No,No,No
robovm/robovm,https://github.com/robovm/robovm,Yes,No,No,No
githubwing/ZoomHeader,https://github.com/githubwing/ZoomHeader,No,Yes,No,No
maoruibin/TranslateApp,https://github.com/maoruibin/TranslateApp,No,Yes,Yes,No
airbnb/DeepLinkDispatch,https://github.com/airbnb/DeepLinkDispatch,No,Yes,No,Skipped
googlearchive/AndroidChat,https://github.com/googlearchive/AndroidChat,No,Yes,No,No
tyzlmjj/PagerBottomTabStrip,https://github.com/tyzlmjj/PagerBottomTabStrip,No,Yes,No,No
gaussic/SpringMVCDemo,https://github.com/gaussic/SpringMVCDemo,Yes,No,No,No
RomanTruba/AndroidTouchGallery,https://github.com/RomanTruba/AndroidTouchGallery,No,No,No,No
seeditsolution/javaprogram,https://github.com/seeditsolution/javaprogram,No,No,No,No
AnyListen/tools-ocr,https://github.com/AnyListen/tools-ocr,Yes,No,No,No
kovyrin/hbase,https://github.com/kovyrin/hbase,Yes,No,No,No
keklikhasan/LDrawer,https://github.com/keklikhasan/LDrawer,No,Yes,No,No
TTFHW/jenkins_pipeline_java_maven,https://github.com/TTFHW/jenkins_pipeline_java_maven,Yes,No,No,No
springframeworkguru/sfg-restdocs-example,https://github.com/springframeworkguru/sfg-restdocs-example,Yes,No,No,No
super30admin/Stack-1,https://github.com/super30admin/Stack-1,No,No,No,No
OpenClassrooms-Student-Center/Project_DA_Java_EN_Come_to_the_Rescue_of_a_Java_Application,https://github.com/OpenClassrooms-Student-Center/Project_DA_Java_EN_Come_to_the_Rescue_of_a_Java_Application,No,No,No,No
limedroid/XDroidMvp,https://github.com/limedroid/XDroidMvp,No,Yes,No,No
xiaoyuzdy/learnAndroid,https://github.com/xiaoyuzdy/learnAndroid,No,No,No,No
HotswapProjects/HotswapAgent,https://github.com/HotswapProjects/HotswapAgent,Yes,No,Yes,No
crazyqiang/AndroidStudy,https://github.com/crazyqiang/AndroidStudy,No,Yes,No,No
Multibit-Legacy/multibit,https://github.com/Multibit-Legacy/multibit,Yes,No,Yes,No
cs125-illinois/Fall-2018-Lab4,https://github.com/cs125-illinois/Fall-2018-Lab4,No,Yes,No,No
CainKernel/CainCamera,https://github.com/CainKernel/CainCamera,No,Yes,No,No
Java-aid/Hackerrank-Solutions,https://github.com/Java-aid/Hackerrank-Solutions,No,No,No,No
prometheus/client_java,https://github.com/prometheus/client_java,Yes,No,No,No
wuyinxian124/nettybook2,https://github.com/wuyinxian124/nettybook2,Yes,No,No,No
google/error-prone,https://github.com/google/error-prone,Yes,No,No,Skipped
playframework/play1,https://github.com/playframework/play1,No,No,No,build-test.yml;
DingMouRen/LayoutManagerGroup,https://github.com/DingMouRen/LayoutManagerGroup,No,Yes,No,No
fleetman-ci-cd-demo/fleetman-position-tracker,https://github.com/fleetman-ci-cd-demo/fleetman-position-tracker,Yes,No,No,No
ysc/word,https://github.com/ysc/word,Yes,No,Yes,No
novoda/android-demos,https://github.com/novoda/android-demos,No,Yes,No,No
lcodecorex/TwinklingRefreshLayout,https://github.com/lcodecorex/TwinklingRefreshLayout,No,Yes,No,No
ngbdf/redis-manager,https://github.com/ngbdf/redis-manager,No,No,No,No
xuexiangjys/XUI,https://github.com/xuexiangjys/XUI,No,Yes,No,No
j4velin/Pedometer,https://github.com/j4velin/Pedometer,No,Yes,Yes,No
sunfusheng/MarqueeView,https://github.com/sunfusheng/MarqueeView,No,Yes,Yes,No
notnoop/java-apns,https://github.com/notnoop/java-apns,Yes,No,Yes,No
CatVodTVOfficial/TVBoxOSC,https://github.com/CatVodTVOfficial/TVBoxOSC,No,Yes,No,test.yml;
yui/yuicompressor,https://github.com/yui/yuicompressor,No,No,Yes,No
oracle/opengrok,https://github.com/oracle/opengrok,Yes,No,No,Skipped
Jacksgong/JKeyboardPanelSwitch,https://github.com/Jacksgong/JKeyboardPanelSwitch,No,Yes,Yes,No
Rukey7/MvpApp,https://github.com/Rukey7/MvpApp,No,Yes,No,No
JulienGenoud/android-percent-support-lib-sample,https://github.com/JulienGenoud/android-percent-support-lib-sample,No,Yes,No,No
qunarcorp/qmq,https://github.com/qunarcorp/qmq,Yes,No,No,No
fleetman-ci-cd-demo/fleetman-position-simulator,https://github.com/fleetman-ci-cd-demo/fleetman-position-simulator,Yes,No,No,No
googlearchive/android-BluetoothChat,https://github.com/googlearchive/android-BluetoothChat,No,Yes,No,No
ata4/disunity,https://github.com/ata4/disunity,Yes,No,No,No
x-ream/rey,https://github.com/x-ream/rey,Yes,No,No,No
zwwill/yanxuan-weex-demo,https://github.com/zwwill/yanxuan-weex-demo,No,No,No,No
Fuzion24/JustTrustMe,https://github.com/Fuzion24/JustTrustMe,No,Yes,No,No
tomoya92/pybbs,https://github.com/tomoya92/pybbs,Yes,No,No,generator_docs.yml;
pqpo/SmartCropper,https://github.com/pqpo/SmartCropper,No,Yes,No,No
winder/Universal-G-Code-Sender,https://github.com/winder/Universal-G-Code-Sender,Yes,No,Yes,No
mdodsworth/lucene-solr,https://github.com/mdodsworth/lucene-solr,No,No,No,No
alibaba/UltraViewPager,https://github.com/alibaba/UltraViewPager,No,Yes,No,No
singhabhinav/cloudxlab,https://github.com/singhabhinav/cloudxlab,No,No,No,No
apache/pdfbox,https://github.com/apache/pdfbox,Yes,No,Yes,codeql-analysis.yml;
LableOrg/java-maven-junit-helloworld,https://github.com/LableOrg/java-maven-junit-helloworld,Yes,No,No,No
jishenghua/jshERP,https://github.com/jishenghua/jshERP,No,No,No,No
pentaho/mondrian,https://github.com/pentaho/mondrian,Yes,No,No,No
LaunchCodeEducation/java-web-dev-techjobs-persistent,https://github.com/LaunchCodeEducation/java-web-dev-techjobs-persistent,No,Yes,No,No
zmxv/react-native-sound,https://github.com/zmxv/react-native-sound,No,No,No,No
alibaba/taokeeper,https://github.com/alibaba/taokeeper,Yes,No,No,No
lingochamp/okdownload,https://github.com/lingochamp/okdownload,No,Yes,Yes,No
apache/ranger,https://github.com/apache/ranger,Yes,No,Yes,No
java-aodeng/hope-boot,https://github.com/java-aodeng/hope-boot,Yes,No,No,No
vipshop/Saturn,https://github.com/vipshop/Saturn,Yes,No,Yes,No
cmanikandan/spring-cloud-services-labs,https://github.com/cmanikandan/spring-cloud-services-labs,No,No,No,No
geekidea/spring-boot-plus,https://github.com/geekidea/spring-boot-plus,Yes,No,No,No
pentaho/pentaho-platform,https://github.com/pentaho/pentaho-platform,Yes,No,No,codeql-analysis.yml;
arimorty/floatingsearchview,https://github.com/arimorty/floatingsearchview,No,Yes,No,No
primefaces/primefaces,https://github.com/primefaces/primefaces,Yes,No,No,Skipped
NeilAlishev/SpringCourse,https://github.com/NeilAlishev/SpringCourse,No,No,No,No
lsjwzh/RecyclerViewPager,https://github.com/lsjwzh/RecyclerViewPager,No,Yes,No,No
unclebob/fitnesse,https://github.com/unclebob/fitnesse,No,Yes,Yes,build-fitnesse.yml;
super30admin/Competitive-Coding-1,https://github.com/super30admin/Competitive-Coding-1,No,No,No,No
Java-aid/Hackerrank-Solutions,https://github.com/Java-aid/Hackerrank-Solutions,No,No,No,No
prometheus/client_java,https://github.com/prometheus/client_java,Yes,No,No,No
wuyinxian124/nettybook2,https://github.com/wuyinxian124/nettybook2,Yes,No,No,No
google/error-prone,https://github.com/google/error-prone,Yes,No,No,Skipped
playframework/play1,https://github.com/playframework/play1,No,No,No,build-test.yml;
luckybilly/CC,https://github.com/luckybilly/CC,No,Yes,No,No
tvarchive/codingRound,https://github.com/tvarchive/codingRound,Yes,Yes,No,No
spring-guides/gs-serving-web-content,https://github.com/spring-guides/gs-serving-web-content,No,No,No,No
confluentinc/kafka-rest,https://github.com/confluentinc/kafka-rest,Yes,No,No,No
siyamed/android-shape-imageview,https://github.com/siyamed/android-shape-imageview,No,Yes,Yes,No
MassiveCraft/Factions,https://github.com/MassiveCraft/Factions,Yes,No,No,No
winghc/hadoop2x-eclipse-plugin,https://github.com/winghc/hadoop2x-eclipse-plugin,No,No,No,No
innoveit/react-native-ble-manager,https://github.com/innoveit/react-native-ble-manager,No,No,No,No
saulmm/CoordinatorBehaviorExample,https://github.com/saulmm/CoordinatorBehaviorExample,No,Yes,No,No
PhilippeBoisney/OpenClassrooms---Parcours-Android,https://github.com/PhilippeBoisney/OpenClassrooms---Parcours-Android,No,No,Yes,No
w446108264/XhsEmoticonsKeyboard,https://github.com/w446108264/XhsEmoticonsKeyboard,No,No,No,No
danielzeller/Depth-LIB-Android-,https://github.com/danielzeller/Depth-LIB-Android-,No,Yes,Yes,No
r-devops/mavenrepo,https://github.com/r-devops/mavenrepo,Yes,No,No,No
mcxtzhang/SwipeDelMenuLayout,https://github.com/mcxtzhang/SwipeDelMenuLayout,No,Yes,No,No
douglascraigschmidt/POSA-15,https://github.com/douglascraigschmidt/POSA-15,No,No,No,No
hapifhir/hapi-fhir-jpaserver-starter,https://github.com/hapifhir/hapi-fhir-jpaserver-starter,Yes,No,Yes,Skipped
mayubao/KuaiChuan,https://github.com/mayubao/KuaiChuan,No,Yes,No,No
googlearchive/android-play-places,https://github.com/googlearchive/android-play-places,No,No,No,No
cattles/spring-cloud-event-sourcing-example,https://github.com/cattles/spring-cloud-event-sourcing-example,Yes,No,No,No
google-ar/sceneform-android-sdk,https://github.com/google-ar/sceneform-android-sdk,No,No,No,No
wuxudong/react-native-charts-wrapper,https://github.com/wuxudong/react-native-charts-wrapper,No,No,No,No
apache/poi,https://github.com/apache/poi,No,Yes,No,test-gradle.yml;
yaphone/itchat4j,https://github.com/yaphone/itchat4j,Yes,No,No,No
romainguy/ViewServer,https://github.com/romainguy/ViewServer,No,Yes,No,No
Diolor/Swipecards,https://github.com/Diolor/Swipecards,No,Yes,Yes,No
betfair/API-NG-sample-code,https://github.com/betfair/API-NG-sample-code,No,No,No,No
PraktikumJava/m1-t12-code-style,https://github.com/PraktikumJava/m1-t12-code-style,No,No,No,No
survivingwithandroid/Swa-app,https://github.com/survivingwithandroid/Swa-app,No,No,No,No
xujeff/tianti,https://github.com/xujeff/tianti,Yes,No,No,No
qiujuer/Genius-Android,https://github.com/qiujuer/Genius-Android,No,No,No,No
